1696881953214,GET,541,200
1696881953214,GET,545,200
1696881953214,GET,544,200
1696881953214,GET,613,200
1696881953214,GET,613,200
1696881953214,GET,613,200
1696881953214,GET,614,200
1696881953215,GET,612,200
1696881953214,GET,613,200
1696881953214,GET,615,200
1696881953760,GET,103,200
1696881953759,GET,106,200
1696881953760,GET,107,200
1696881953827,GET,45,200
1696881953827,GET,59,200
1696881953828,GET,60,200
1696881953828,GET,62,200
1696881953828,GET,63,200
1696881953829,GET,65,200
1696881953829,GET,81,200
1696881953872,GET,41,200
1696881953888,GET,31,200
1696881953886,GET,36,200
1696881953890,GET,37,200
1696881953891,GET,37,200
1696881953894,GET,35,200
1696881953867,GET,69,200
1696881953914,GET,26,200
1696881953910,GET,31,200
1696881953919,GET,26,200
1696881953922,GET,23,200
1696881953929,GET,23,200
1696881953927,GET,25,200
1696881953928,GET,24,200
1696881953936,GET,23,200
1696881953940,GET,28,200
1696881953942,GET,26,200
1696881953945,GET,27,200
1696881953945,GET,30,200
1696881953952,GET,28,200
1696881953952,GET,30,200
1696881953952,GET,30,200
1696881953959,GET,28,200
1696881953968,GET,22,200
1696881953973,GET,21,200
1696881953968,GET,26,200
1696881953975,GET,23,200
1696881953982,GET,23,200
1696881953982,GET,25,200
1696881953980,GET,27,200
1696881953987,GET,26,200
1696881953994,GET,22,200
1696881953990,GET,28,200
1696881953994,GET,29,200
1696881953998,GET,25,200
1696881954005,GET,24,200
1696881954008,GET,28,200
1696881954008,GET,28,200
1696881954013,GET,26,200
1696881954016,GET,23,200
1696881954018,GET,23,200
1696881954023,GET,18,200
1696881954023,GET,19,200
1696881954029,GET,25,200
1696881953865,GET,191,200
1696881954039,GET,20,200
1696881954036,GET,26,200
1696881954036,GET,26,200
1696881954039,GET,24,200
1696881954041,GET,26,200
1696881954042,GET,25,200
1696881953863,GET,205,200
1696881954042,GET,26,200
1696881954056,GET,25,200
1696881954054,GET,27,200
1696881954059,GET,24,200
1696881954062,GET,24,200
1696881954068,GET,20,200
1696881954068,GET,22,200
1696881954067,GET,23,200
1696881954067,GET,24,200
1696881954062,GET,29,200
1696881954063,GET,29,200
1696881954083,GET,29,200
1696881954091,GET,37,200
1696881954092,GET,36,200
1696881954086,GET,42,200
1696881954091,GET,37,200
1696881954091,GET,37,200
1696881954081,GET,47,200
1696881954088,GET,40,200
1696881954090,GET,38,200
1696881954081,GET,47,200
1696881954129,GET,112,200
1696881954112,GET,131,200
1696881954128,GET,115,200
1696881954128,GET,115,200
1696881954128,GET,115,200
1696881954128,GET,115,200
1696881954128,GET,118,200
1696881954128,GET,118,200
1696881954128,GET,118,200
1696881954243,GET,109,200
1696881954244,GET,108,200
1696881954243,GET,109,200
1696881954244,GET,108,200
1696881954246,GET,106,200
1696881954246,GET,106,200
1696881954129,GET,223,200
1696881954241,GET,132,200
1696881954352,GET,26,200
1696881954243,GET,136,200
1696881954352,GET,28,200
1696881954352,GET,28,200
1696881954352,GET,29,200
1696881954246,GET,135,200
1696881954352,GET,29,200
1696881954352,GET,29,200
1696881954373,GET,18,200
1696881954378,GET,22,200
1696881954352,GET,48,200
1696881954380,GET,26,200
1696881954381,GET,25,200
1696881954379,GET,27,200
1696881954381,GET,25,200
1696881954381,GET,27,200
1696881954381,GET,27,200
1696881954391,GET,28,200
1696881954400,GET,23,200
1696881954400,GET,23,200
1696881954406,GET,19,200
1696881954380,GET,46,200
1696881954406,GET,21,200
1696881954408,GET,24,200
1696881954406,GET,27,200
1696881954408,GET,26,200
1696881954419,GET,20,200
1696881954423,GET,20,200
1696881954423,GET,29,200
1696881954426,GET,26,200
1696881954427,GET,25,200
1696881954425,GET,28,200
1696881954406,GET,47,200
1696881954432,GET,22,200
1696881954433,GET,22,200
1696881954439,GET,24,200
1696881954443,GET,22,200
1696881954452,GET,24,200
1696881954452,GET,24,200
1696881954453,GET,23,200
1696881954452,GET,24,200
1696881954453,GET,23,200
1696881954454,GET,26,200
1696881954455,GET,28,200
1696881954434,GET,49,200
1696881954465,GET,21,200
1696881954463,GET,25,200
1696881954476,GET,21,200
1696881954480,GET,21,200
1696881954476,GET,25,200
1696881954476,GET,25,200
1696881954476,GET,25,200
1696881954476,GET,25,200
1696881954483,GET,21,200
1696881954483,GET,22,200
1696881954486,GET,22,200
1696881954488,GET,27,200
1696881954497,GET,28,200
1696881954502,GET,23,200
1696881954502,GET,23,200
1696881954502,GET,23,200
1696881954502,GET,23,200
1696881954501,GET,24,200
1696881954508,GET,22,200
1696881954515,GET,23,200
1696881954506,GET,32,200
1696881954504,GET,34,200
1696881954525,GET,22,200
1696881954525,GET,22,200
1696881954525,GET,24,200
1696881954525,GET,24,200
1696881954525,GET,24,200
1696881954525,GET,24,200
1696881954530,GET,31,200
1696881954539,GET,28,200
1696881954538,GET,29,200
1696881954539,GET,28,200
1696881954547,GET,22,200
1696881954547,GET,25,200
1696881954549,GET,27,200
1696881954549,GET,27,200
1696881954549,GET,29,200
1696881954561,GET,28,200
1696881954569,GET,22,200
1696881954549,GET,42,200
1696881954567,GET,27,200
1696881954567,GET,27,200
1696881954572,GET,23,200
1696881954567,GET,29,200
1696881954576,GET,28,200
1696881954576,GET,28,200
1696881954578,GET,26,200
1696881954589,GET,23,200
1696881954591,GET,22,200
1696881954591,GET,25,200
1696881954595,GET,25,200
1696881954594,GET,26,200
1696881954596,GET,24,200
1696881954594,GET,26,200
1696881954604,GET,22,200
1696881954604,GET,22,200
1696881954604,GET,22,200
1696881954612,GET,18,200
1696881954616,GET,20,200
1696881954613,GET,25,200
1696881954620,GET,25,200
1696881954620,GET,25,200
1696881954620,GET,27,200
1696881954620,GET,27,200
1696881954626,GET,22,200
1696881954626,GET,24,200
1696881954626,GET,24,200
1696881954630,GET,25,200
1696881954636,GET,22,200
1696881954639,GET,20,200
1696881954645,GET,20,200
1696881954647,GET,21,200
1696881954648,GET,21,200
1696881954645,GET,24,200
1696881954650,GET,19,200
1696881954650,GET,20,200
1696881954647,GET,26,200
1696881954655,GET,21,200
1696881954658,GET,18,200
1696881954659,GET,25,200
1696881954665,GET,26,200
1696881954669,GET,23,200
1696881954669,GET,25,200
1696881954669,GET,27,200
1696881954668,GET,30,200
1696881954676,GET,22,200
1696881954670,GET,28,200
1696881954673,GET,25,200
1696881954676,GET,23,200
1696881954684,GET,21,200
1696881954691,GET,25,200
1696881954692,GET,28,200
1696881954699,GET,21,200
1696881954696,GET,24,200
1696881954698,GET,22,200
1696881954694,GET,26,200
1696881954698,GET,23,200
1696881954698,GET,28,200
1696881954698,GET,29,200
1696881954705,GET,29,200
1696881954720,GET,22,200
1696881954716,GET,28,200
1696881954720,GET,30,200
1696881954720,GET,37,200
1696881954727,GET,30,200
1696881954734,GET,23,200
1696881954720,GET,37,200
1696881954726,GET,31,200
1696881954721,GET,36,200
1696881954720,GET,37,200
1696881954742,GET,28,200
1696881954744,GET,29,200
1696881954750,GET,24,200
1696881954758,GET,23,200
1696881954773,GET,100,200
1696881954770,GET,103,200
1696881954774,GET,99,200
1696881954757,GET,116,200
1696881954757,GET,117,200
1696881954757,GET,117,200
1696881954757,GET,117,200
1696881954757,GET,117,200
1696881954781,GET,123,200
1696881954874,GET,30,200
1696881954873,GET,31,200
1696881954874,GET,30,200
1696881954873,GET,31,200
1696881954873,GET,31,200
1696881954874,GET,31,200
1696881954873,GET,32,200
1696881954758,GET,148,200
1696881954874,GET,31,200
1696881954904,GET,27,200
1696881954904,GET,27,200
1696881954904,GET,27,200
1696881954904,GET,27,200
1696881954905,GET,27,200
1696881954906,GET,26,200
1696881954906,GET,27,200
1696881954905,GET,30,200
1696881954906,GET,34,200
1696881954932,GET,25,200
1696881954931,GET,27,200
1696881954931,GET,27,200
1696881954931,GET,27,200
1696881954931,GET,28,200
1696881954932,GET,30,200
1696881954933,GET,29,200
1696881954935,GET,29,200
1696881954940,GET,25,200
1696881954906,GET,62,200
1696881954958,GET,25,200
1696881954958,GET,25,200
1696881954957,GET,27,200
1696881954959,GET,25,200
1696881954965,GET,21,200
1696881954958,GET,30,200
1696881954962,GET,29,200
1696881954962,GET,29,200
1696881954964,GET,28,200
1696881954968,GET,27,200
1696881954983,GET,32,200
1696881954984,GET,31,200
1696881954988,GET,27,200
1696881954986,GET,30,200
1696881954983,GET,33,200
1696881954984,GET,32,200
1696881954992,GET,27,200
1696881954992,GET,30,200
1696881954995,GET,27,200
1696881954991,GET,36,200
1696881955016,GET,22,200
1696881955015,GET,23,200
1696881955015,GET,23,200
1696881955016,GET,30,200
1696881955022,GET,24,200
1696881955015,GET,31,200
1696881955016,GET,30,200
1696881955019,GET,30,200
1696881955027,GET,22,200
1696881955022,GET,27,200
1696881955046,GET,16,200
1696881955038,GET,25,200
1696881955038,GET,25,200
1696881955046,GET,20,200
1696881955046,GET,20,200
1696881955038,GET,28,200
1696881955046,GET,26,200
1696881955049,GET,26,200
1696881955049,GET,32,200
1696881955049,GET,34,200
1696881955072,GET,17,200
1696881955066,GET,23,200
1696881955062,GET,28,200
1696881955063,GET,27,200
1696881955066,GET,24,200
1696881955063,GET,27,200
1696881955066,GET,26,200
1696881955081,GET,26,200
1696881955083,GET,26,200
1696881955076,GET,33,200
1696881955089,GET,24,200
1696881955092,GET,24,200
1696881955090,GET,26,200
1696881955090,GET,26,200
1696881955090,GET,26,200
1696881955089,GET,27,200
1696881955090,GET,29,200
1696881955113,GET,22,200
1696881955116,GET,19,200
1696881955107,GET,30,200
1696881955109,GET,30,200
1696881955116,GET,25,200
1696881955116,GET,25,200
1696881955116,GET,28,200
1696881955109,GET,35,200
1696881955116,GET,28,200
1696881955119,GET,25,200
1696881955135,GET,19,200
1696881955135,GET,25,200
1696881955141,GET,26,200
1696881955144,GET,23,200
1696881955144,GET,23,200
1696881955141,GET,26,200
1696881955137,GET,30,200
1696881955144,GET,24,200
1696881955139,GET,32,200
1696881955144,GET,27,200
1696881955167,GET,96,200
1696881955167,GET,96,200
1696881955167,GET,96,200
1696881955160,GET,103,200
1696881955154,GET,109,200
1696881955167,GET,98,200
1696881955171,GET,94,200
1696881955171,GET,95,200
1696881955167,GET,99,200
1696881955168,GET,98,200
1696881955263,GET,26,200
1696881955263,GET,26,200
1696881955266,GET,25,200
1696881955263,GET,28,200
1696881955263,GET,28,200
1696881955263,GET,29,200
1696881955266,GET,28,200
1696881955266,GET,28,200
1696881955265,GET,29,200
1696881955266,GET,28,200
1696881955291,GET,108,200
1696881955291,GET,108,200
1696881955292,GET,107,200
1696881955294,GET,105,200
1696881955291,GET,108,200
1696881955294,GET,105,200
1696881955294,GET,105,200
1696881955289,GET,135,200
1696881955289,GET,135,200
1696881955399,GET,25,200
1696881955399,GET,26,200
1696881955399,GET,26,200
1696881955399,GET,26,200
1696881955294,GET,131,200
1696881955399,GET,28,200
1696881955399,GET,44,200
1696881955424,GET,19,200
1696881955425,GET,24,200
1696881955425,GET,24,200
1696881955424,GET,25,200
1696881955424,GET,25,200
1696881955425,GET,27,200
1696881955425,GET,27,200
1696881955427,GET,25,200
1696881955399,GET,64,200
1696881955443,GET,22,200
1696881955449,GET,22,200
1696881955443,GET,28,200
1696881955449,GET,24,200
1696881955449,GET,24,200
1696881955449,GET,27,200
1696881955452,GET,30,200
1696881955452,GET,30,200
1696881955452,GET,30,200
1696881955463,GET,29,200
1696881955465,GET,29,200
1696881955473,GET,22,200
1696881955471,GET,24,200
1696881955473,GET,22,200
1696881955471,GET,24,200
1696881955476,GET,20,200
1696881955482,GET,23,200
1696881955482,GET,26,200
1696881955482,GET,26,200
1696881955494,GET,24,200
1696881955495,GET,23,200
1696881955495,GET,26,200
1696881955495,GET,26,200
1696881955495,GET,28,200
1696881955496,GET,27,200
1696881955492,GET,32,200
1696881955505,GET,26,200
1696881955508,GET,25,200
1696881955508,GET,25,200
1696881955518,GET,25,200
1696881955518,GET,28,200
1696881955524,GET,25,200
1696881955521,GET,28,200
1696881955523,GET,26,200
1696881955521,GET,28,200
1696881955523,GET,26,200
1696881955531,GET,23,200
1696881955533,GET,22,200
1696881955533,GET,27,200
1696881955543,GET,19,200
1696881955546,GET,21,200
1696881955549,GET,27,200
1696881955549,GET,29,200
1696881955549,GET,29,200
1696881955549,GET,31,200
1696881955549,GET,31,200
1696881955554,GET,27,200
1696881955560,GET,22,200
1696881955562,GET,24,200
1696881955567,GET,23,200
1696881955576,GET,19,200
1696881955580,GET,20,200
1696881955578,GET,22,200
1696881955578,GET,22,200
1696881955581,GET,20,200
1696881955580,GET,21,200
1696881955586,GET,20,200
1696881955555,GET,55,200
1696881955582,GET,28,200
1696881955590,GET,20,200
1696881955595,GET,25,200
1696881955601,GET,24,200
1696881955600,GET,25,200
1696881955600,GET,25,200
1696881955600,GET,26,200
1696881955606,GET,21,200
1696881955601,GET,27,200
1696881955610,GET,23,200
1696881955610,GET,25,200
1696881955610,GET,25,200
1696881955620,GET,21,200
1696881955626,GET,21,200
1696881955627,GET,23,200
1696881955625,GET,25,200
1696881955625,GET,25,200
1696881955625,GET,28,200
1696881955628,GET,25,200
1696881955635,GET,24,200
1696881955633,GET,29,200
1696881955635,GET,27,200
1696881955641,GET,23,200
1696881955647,GET,43,200
1696881955659,GET,31,200
1696881955664,GET,26,200
1696881955653,GET,37,200
1696881955662,GET,28,200
1696881955650,GET,40,200
1696881955650,GET,40,200
1696881955650,GET,40,200
1696881955653,GET,37,200
1696881955662,GET,28,200
1696881955690,GET,24,200
1696881955690,GET,24,200
1696881955690,GET,24,200
1696881955690,GET,24,200
1696881955690,GET,24,200
1696881955690,GET,24,200
1696881955690,GET,27,200
1696881955691,GET,26,200
1696881955714,GET,27,200
1696881955714,GET,27,200
1696881955714,GET,27,200
1696881955714,GET,30,200
1696881955714,GET,30,200
1696881955717,GET,27,200
1696881955717,GET,27,200
1696881955690,GET,63,200
1696881955741,GET,25,200
1696881955741,GET,25,200
1696881955741,GET,25,200
1696881955744,GET,24,200
1696881955690,GET,78,200
1696881955744,GET,24,200
1696881955744,GET,24,200
1696881955744,GET,27,200
1696881955753,GET,40,200
1696881955766,GET,33,200
1696881955771,GET,28,200
1696881955768,GET,31,200
1696881955714,GET,85,200
1696881955766,GET,33,200
1696881955766,GET,33,200
1696881955768,GET,33,200
1696881955768,GET,33,200
1696881955768,GET,35,200
1696881955800,GET,27,200
1696881955800,GET,27,200
1696881955800,GET,27,200
1696881955801,GET,27,200
1696881955799,GET,32,200
1696881955801,GET,30,200
1696881955799,GET,32,200
1696881955793,GET,38,200
1696881955803,GET,120,200
1696881955799,GET,124,200
1696881955827,GET,96,200
1696881955827,GET,96,200
1696881955827,GET,96,200
1696881955828,GET,118,200
1696881955831,GET,118,200
1696881955831,GET,118,200
1696881955831,GET,118,200
1696881955831,GET,121,200
1696881955923,GET,29,200
1696881955923,GET,29,200
1696881955923,GET,29,200
1696881955923,GET,31,200
1696881955946,GET,23,200
1696881955923,GET,46,200
1696881955949,GET,23,200
1696881955949,GET,23,200
1696881955952,GET,28,200
1696881955952,GET,29,200
1696881955952,GET,29,200
1696881955954,GET,31,200
1696881955969,GET,23,200
1696881955969,GET,23,200
1696881955972,GET,25,200
1696881955972,GET,26,200
1696881955949,GET,49,200
1696881955981,GET,19,200
1696881955980,GET,20,200
1696881955981,GET,19,200
1696881955952,GET,57,200
1696881955985,GET,24,200
1696881955997,GET,21,200
1696881955992,GET,26,200
1696881955998,GET,20,200
1696881955992,GET,27,200
1696881955998,GET,21,200
1696881956000,GET,25,200
1696881956000,GET,28,200
1696881956000,GET,28,200
1696881956009,GET,22,200
1696881956009,GET,30,200
1696881956018,GET,26,200
1696881956025,GET,21,200
1696881956019,GET,27,200
1696881956018,GET,30,200
1696881956018,GET,30,200
1696881956019,GET,29,200
1696881956028,GET,20,200
1696881956028,GET,20,200
1696881956031,GET,28,200
1696881956039,GET,32,200
1696881956044,GET,32,200
1696881956048,GET,36,200
1696881956048,GET,36,200
1696881956048,GET,36,200
1696881956059,GET,25,200
1696881956046,GET,38,200
1696881956048,GET,36,200
1696881956046,GET,39,200
1696881956048,GET,36,200
1696881956076,GET,35,200
1696881956084,GET,27,200
1696881956085,GET,27,200
1696881956085,GET,27,200
1696881956084,GET,28,200
1696881956085,GET,28,200
1696881956071,GET,42,200
1696881956084,GET,35,200
1696881956112,GET,26,200
1696881956111,GET,27,200
1696881956112,GET,27,200
1696881956111,GET,29,200
1696881956113,GET,27,200
1696881956119,GET,21,200
1696881956112,GET,28,200
1696881956113,GET,28,200
1696881956139,GET,25,200
1696881956138,GET,28,200
1696881956140,GET,26,200
1696881956139,GET,27,200
1696881956140,GET,28,200
1696881956141,GET,27,200
1696881956140,GET,28,200
1696881956140,GET,28,200
1696881956085,GET,90,200
1696881956084,GET,94,200
1696881956166,GET,24,200
1696881956168,GET,23,200
1696881956166,GET,25,200
1696881956166,GET,25,200
1696881956168,GET,24,200
1696881956168,GET,25,200
1696881956168,GET,28,200
1696881956175,GET,27,200
1696881956178,GET,34,200
1696881956164,GET,48,200
1696881956191,GET,25,200
1696881956191,GET,25,200
1696881956190,GET,26,200
1696881956191,GET,26,200
1696881956196,GET,25,200
1696881956192,GET,29,200
1696881956193,GET,29,200
1696881956217,GET,97,200
1696881956217,GET,97,200
1696881956212,GET,102,200
1696881956217,GET,97,200
1696881956212,GET,102,200
1696881956217,GET,97,200
1696881956202,GET,112,200
1696881956221,GET,112,200
1696881956222,GET,113,200
1696881956221,GET,116,200
1696881956315,GET,29,200
1696881956314,GET,30,200
1696881956314,GET,30,200
1696881956314,GET,31,200
1696881956314,GET,32,200
1696881956314,GET,32,200
1696881956314,GET,33,200
1696881956333,GET,114,200
1696881956345,GET,102,200
1696881956344,GET,103,200
1696881956346,GET,101,200
1696881956346,GET,101,200
1696881956337,GET,110,200
1696881956347,GET,100,200
1696881956344,GET,103,200
1696881956344,GET,103,200
1696881956447,GET,29,200
1696881956447,GET,29,200
1696881956448,GET,28,200
1696881956447,GET,29,200
1696881956447,GET,29,200
1696881956447,GET,30,200
1696881956447,GET,30,200
1696881956335,GET,142,200
1696881956447,GET,30,200
1696881956476,GET,20,200
1696881956477,GET,22,200
1696881956477,GET,22,200
1696881956477,GET,22,200
1696881956476,GET,29,200
1696881956476,GET,29,200
1696881956477,GET,28,200
1696881956476,GET,33,200
1696881956476,GET,35,200
1696881956447,GET,66,200
1696881956509,GET,21,200
1696881956499,GET,31,200
1696881956496,GET,34,200
1696881956505,GET,25,200
1696881956505,GET,25,200
1696881956505,GET,25,200
1696881956499,GET,31,200
1696881956499,GET,31,200
1696881956511,GET,20,200
1696881956513,GET,23,200
1696881956530,GET,18,200
1696881956530,GET,19,200
1696881956530,GET,27,200
1696881956530,GET,27,200
1696881956530,GET,29,200
1696881956530,GET,29,200
1696881956536,GET,23,200
1696881956530,GET,30,200
1696881956530,GET,33,200
1696881956531,GET,32,200
1696881956560,GET,25,200
1696881956549,GET,36,200
1696881956559,GET,26,200
1696881956559,GET,26,200
1696881956557,GET,28,200
1696881956548,GET,37,200
1696881956557,GET,28,200
1696881956559,GET,31,200
1696881956563,GET,27,200
1696881956563,GET,27,200
1696881956585,GET,21,200
1696881956585,GET,21,200
1696881956585,GET,25,200
1696881956585,GET,29,200
1696881956590,GET,25,200
1696881956585,GET,30,200
1696881956590,GET,28,200
1696881956590,GET,28,200
1696881956585,GET,49,200
1696881956606,GET,28,200
1696881956606,GET,28,200
1696881956610,GET,27,200
1696881956614,GET,23,200
1696881956618,GET,20,200
1696881956615,GET,23,200
1696881956618,GET,20,200
1696881956615,GET,24,200
1696881956586,GET,60,200
1696881956634,GET,24,200
1696881956634,GET,24,200
1696881956634,GET,24,200
1696881956637,GET,23,200
1696881956639,GET,29,200
1696881956637,GET,31,200
1696881956638,GET,30,200
1696881956638,GET,34,200
1696881956638,GET,34,200
1696881956646,GET,26,200
1696881956658,GET,22,200
1696881956658,GET,24,200
1696881956658,GET,24,200
1696881956660,GET,27,200
1696881956668,GET,21,200
1696881956668,GET,25,200
1696881956672,GET,23,200
1696881956672,GET,23,200
1696881956668,GET,27,200
1696881956682,GET,26,200
1696881956672,GET,36,200
1696881956682,GET,26,200
1696881956680,GET,28,200
1696881956689,GET,26,200
1696881956687,GET,28,200
1696881956693,GET,28,200
1696881956695,GET,31,200
1696881956708,GET,18,200
1696881956695,GET,31,200
1696881956695,GET,31,200
1696881956708,GET,26,200
1696881956708,GET,26,200
1696881956708,GET,30,200
1696881956715,GET,27,200
1696881956715,GET,27,200
1696881956721,GET,25,200
1696881956726,GET,22,200
1696881956734,GET,16,200
1696881956726,GET,24,200
1696881956726,GET,24,200
1696881956734,GET,19,200
1696881956726,GET,28,200
1696881956738,GET,21,200
1696881956742,GET,24,200
1696881956742,GET,24,200
1696881956746,GET,25,200
1696881956748,GET,26,200
1696881956750,GET,26,200
1696881956760,GET,17,200
1696881956750,GET,29,200
1696881956750,GET,29,200
1696881956754,GET,25,200
1696881956753,GET,28,200
1696881956766,GET,21,200
1696881956777,GET,18,200
1696881956774,GET,26,200
1696881956766,GET,34,200
1696881956771,GET,29,200
1696881956776,GET,24,200
1696881956781,GET,22,200
1696881956779,GET,27,200
1696881956779,GET,27,200
1696881956779,GET,28,200
1696881956787,GET,22,200
1696881956795,GET,27,200
1696881956800,GET,26,200
1696881956800,GET,27,200
1696881956800,GET,27,200
1696881956803,GET,24,200
1696881956806,GET,27,200
1696881956806,GET,27,200
1696881956809,GET,24,200
1696881956800,GET,33,200
1696881956807,GET,27,200
1696881956822,GET,23,200
1696881956827,GET,24,200
1696881956826,GET,25,200
1696881956827,GET,28,200
1696881956827,GET,30,200
1696881956833,GET,25,200
1696881956833,GET,27,200
1696881956833,GET,29,200
1696881956833,GET,29,200
1696881956834,GET,30,200
1696881956845,GET,23,200
1696881956851,GET,25,200
1696881956851,GET,25,200
1696881956855,GET,117,200
1696881956857,GET,115,200
1696881956876,GET,97,200
1696881956864,GET,109,200
1696881956862,GET,111,200
1696881956860,GET,113,200
1696881956858,GET,115,200
1696881956868,GET,105,200
1696881956862,GET,111,200
1696881956876,GET,115,200
1696881956972,GET,24,200
1696881956973,GET,24,200
1696881956973,GET,25,200
1696881956973,GET,26,200
1696881956973,GET,28,200
1696881956973,GET,28,200
1696881956973,GET,29,200
1696881956973,GET,29,200
1696881956973,GET,30,200
1696881956991,GET,19,200
1696881957001,GET,28,200
1696881956997,GET,32,200
1696881956999,GET,30,200
1696881957003,GET,26,200
1696881956998,GET,31,200
1696881957002,GET,27,200
1696881957002,GET,27,200
1696881957001,GET,28,200
1696881957010,GET,24,200
1696881956996,GET,45,200
1696881957029,GET,21,200
1696881957029,GET,21,200
1696881957030,GET,20,200
1696881957029,GET,30,200
1696881957034,GET,25,200
1696881957030,GET,30,200
1696881957041,GET,23,200
1696881957050,GET,29,200
1696881957050,GET,29,200
1696881957059,GET,20,200
1696881957050,GET,32,200
1696881957059,GET,28,200
1696881957064,GET,23,200
1696881957060,GET,27,200
1696881957030,GET,64,200
1696881957079,GET,20,200
1696881957079,GET,25,200
1696881957029,GET,75,200
1696881957079,GET,27,200
1696881957030,GET,76,200
1696881957082,GET,24,200
1696881957087,GET,23,200
1696881957087,GET,24,200
1696881957087,GET,28,200
1696881957099,GET,21,200
1696881957104,GET,24,200
1696881957106,GET,22,200
1696881957106,GET,22,200
1696881957094,GET,34,200
1696881957104,GET,30,200
1696881957110,GET,28,200
1696881957115,GET,25,200
1696881957111,GET,29,200
1696881957120,GET,20,200
1696881957106,GET,37,200
1696881957128,GET,31,200
1696881957128,GET,31,200
1696881957128,GET,31,200
1696881957128,GET,31,200
1696881957140,GET,22,200
1696881957138,GET,24,200
1696881957134,GET,29,200
1696881957143,GET,23,200
1696881957140,GET,28,200
1696881957140,GET,28,200
1696881957163,GET,21,200
1696881957159,GET,25,200
1696881957159,GET,25,200
1696881957159,GET,32,200
1696881957162,GET,29,200
1696881957162,GET,29,200
1696881957168,GET,23,200
1696881957166,GET,26,200
1696881957168,GET,24,200
1696881957159,GET,33,200
1696881957184,GET,27,200
1696881957184,GET,27,200
1696881957192,GET,19,200
1696881957191,GET,23,200
1696881957191,GET,23,200
1696881957184,GET,32,200
1696881957192,GET,24,200
1696881957191,GET,28,200
1696881957192,GET,27,200
1696881957191,GET,31,200
1696881957211,GET,27,200
1696881957211,GET,27,200
1696881957211,GET,27,200
1696881957214,GET,29,200
1696881957219,GET,24,200
1696881957216,GET,43,200
1696881957216,GET,43,200
1696881957222,GET,37,200
1696881957219,GET,40,200
1696881957238,GET,28,200
1696881957238,GET,28,200
1696881957238,GET,29,200
1696881957267,GET,95,200
1696881957243,GET,119,200
1696881957259,GET,103,200
1696881957259,GET,103,200
1696881957266,GET,96,200
1696881957259,GET,103,200
1696881957266,GET,96,200
1696881957259,GET,103,200
1696881957214,GET,148,200
1696881957243,GET,120,200
1696881957362,GET,30,200
1696881957362,GET,35,200
1696881957362,GET,35,200
1696881957362,GET,35,200
1696881957362,GET,35,200
1696881957362,GET,35,200
1696881957362,GET,35,200
1696881957362,GET,37,200
1696881957363,GET,37,200
1696881957392,GET,106,200
1696881957399,GET,99,200
1696881957397,GET,101,200
1696881957397,GET,101,200
1696881957397,GET,102,200
1696881957397,GET,102,200
1696881957397,GET,102,200
1696881957363,GET,136,200
1696881957400,GET,117,200
1696881957498,GET,26,200
1696881957499,GET,25,200
1696881957498,GET,27,200
1696881957499,GET,26,200
1696881957499,GET,26,200
1696881957498,GET,28,200
1696881957498,GET,29,200
1696881957397,GET,136,200
1696881957499,GET,37,200
1696881957517,GET,19,200
1696881957524,GET,30,200
1696881957526,GET,28,200
1696881957525,GET,29,200
1696881957527,GET,27,200
1696881957536,GET,23,200
1696881957533,GET,28,200
1696881957524,GET,44,200
1696881957525,GET,52,200
1696881957554,GET,23,200
1696881957559,GET,20,200
1696881957561,GET,20,200
1696881957554,GET,29,200
1696881957554,GET,30,200
1696881957554,GET,33,200
1696881957536,GET,52,200
1696881957568,GET,24,200
1696881957577,GET,23,200
1696881957525,GET,76,200
1696881957581,GET,21,200
1696881957588,GET,17,200
1696881957579,GET,26,200
1696881957584,GET,22,200
1696881957577,GET,30,200
1696881957587,GET,21,200
1696881957583,GET,25,200
1696881957593,GET,26,200
1696881957602,GET,23,200
1696881957605,GET,20,200
1696881957605,GET,25,200
1696881957606,GET,24,200
1696881957607,GET,26,200
1696881957600,GET,33,200
1696881957608,GET,26,200
1696881957601,GET,33,200
1696881957608,GET,26,200
1696881957619,GET,20,200
1696881957625,GET,17,200
1696881957625,GET,24,200
1696881957630,GET,24,200
1696881957630,GET,24,200
1696881957634,GET,23,200
1696881957634,GET,23,200
1696881957633,GET,25,200
1696881957642,GET,18,200
1696881957633,GET,31,200
1696881957634,GET,30,200
1696881957649,GET,15,200
1696881957639,GET,30,200
1696881957664,GET,20,200
1696881957654,GET,30,200
1696881957654,GET,30,200
1696881957664,GET,20,200
1696881957657,GET,29,200
1696881957660,GET,26,200
1696881957669,GET,18,200
1696881957657,GET,31,200
1696881957664,GET,25,200
1696881957658,GET,31,200
1696881957684,GET,47,200
1696881957684,GET,47,200
1696881957684,GET,47,200
1696881957686,GET,45,200
1696881957686,GET,45,200
1696881957687,GET,44,200
1696881957688,GET,44,200
1696881957689,GET,43,200
1696881957684,GET,47,200
1696881957689,GET,43,200
1696881957732,GET,27,200
1696881957732,GET,27,200
1696881957731,GET,28,200
1696881957731,GET,29,200
1696881957731,GET,30,200
1696881957732,GET,31,200
1696881957732,GET,32,200
1696881957731,GET,35,200
1696881957732,GET,35,200
1696881957732,GET,35,200
1696881957759,GET,24,200
1696881957759,GET,24,200
1696881957759,GET,24,200
1696881957763,GET,21,200
1696881957760,GET,27,200
1696881957761,GET,28,200
1696881957764,GET,27,200
1696881957766,GET,27,200
1696881957767,GET,26,200
1696881957783,GET,25,200
1696881957783,GET,25,200
1696881957783,GET,25,200
1696881957787,GET,22,200
1696881957784,GET,25,200
1696881957789,GET,21,200
1696881957791,GET,23,200
1696881957793,GET,28,200
1696881957793,GET,28,200
1696881957767,GET,61,200
1696881957809,GET,19,200
1696881957808,GET,20,200
1696881957808,GET,30,200
1696881957809,GET,29,200
1696881957808,GET,32,200
1696881957810,GET,32,200
1696881957821,GET,24,200
1696881957814,GET,31,200
1696881957821,GET,24,200
1696881957828,GET,25,200
1696881957828,GET,26,200
1696881957839,GET,17,200
1696881957839,GET,20,200
1696881957840,GET,24,200
1696881957842,GET,22,200
1696881957828,GET,36,200
1696881957845,GET,28,200
1696881957845,GET,28,200
1696881957845,GET,28,200
1696881957853,GET,20,200
1696881957854,GET,20,200
1696881957856,GET,25,200
1696881957859,GET,22,200
1696881957864,GET,20,200
1696881957864,GET,26,200
1696881957864,GET,32,200
1696881957873,GET,25,200
1696881957874,GET,24,200
1696881957873,GET,26,200
1696881957873,GET,26,200
1696881957874,GET,28,200
1696881957881,GET,21,200
1696881957881,GET,23,200
1696881957884,GET,22,200
1696881957890,GET,18,200
1696881957898,GET,23,200
1696881957896,GET,26,200
1696881957898,GET,29,200
1696881957902,GET,26,200
1696881957902,GET,26,200
1696881957899,GET,119,200
1696881957906,GET,112,200
1696881957904,GET,114,200
1696881957908,GET,110,200
1696881957921,GET,97,200
1696881957899,GET,119,200
1696881957922,GET,96,200
1696881957928,GET,125,200
1696881957928,GET,125,200
1696881958018,GET,35,200
1696881958018,GET,35,200
1696881957927,GET,126,200
1696881958018,GET,35,200
1696881958018,GET,35,200
1696881958018,GET,35,200
1696881958018,GET,35,200
1696881958018,GET,35,200
1696881958053,GET,21,200
1696881958053,GET,23,200
1696881958053,GET,29,200
1696881958053,GET,32,200
1696881958053,GET,32,200
1696881958053,GET,32,200
1696881958053,GET,33,200
1696881958053,GET,43,200
1696881958053,GET,47,200
1696881958074,GET,27,200
1696881958082,GET,20,200
1696881958076,GET,26,200
1696881958085,GET,24,200
1696881958053,GET,56,200
1696881958085,GET,24,200
1696881958086,GET,23,200
1696881958085,GET,24,200
1696881958096,GET,20,200
1696881958101,GET,24,200
1696881958102,GET,25,200
1696881958100,GET,27,200
1696881958102,GET,27,200
1696881958109,GET,23,200
1696881958109,GET,28,200
1696881958116,GET,21,200
1696881958109,GET,28,200
1696881958109,GET,29,200
1696881958109,GET,32,200
1696881958125,GET,36,200
1696881958127,GET,34,200
1696881958127,GET,34,200
1696881958133,GET,28,200
1696881958129,GET,32,200
1696881958137,GET,24,200
1696881958137,GET,24,200
1696881958137,GET,24,200
1696881958141,GET,20,200
1696881958138,GET,23,200
1696881958161,GET,20,200
1696881958161,GET,20,200
1696881958161,GET,20,200
1696881958161,GET,22,200
1696881958161,GET,28,200
1696881958161,GET,28,200
1696881958161,GET,30,200
1696881958161,GET,32,200
1696881958161,GET,32,200
1696881958189,GET,20,200
1696881958181,GET,28,200
1696881958181,GET,28,200
1696881958181,GET,28,200
1696881958183,GET,26,200
1696881958189,GET,22,200
1696881958193,GET,21,200
1696881958193,GET,21,200
1696881958191,GET,23,200
1696881958161,GET,61,200
1696881958209,GET,20,200
1696881958209,GET,20,200
1696881958209,GET,24,200
1696881958209,GET,26,200
1696881958209,GET,27,200
1696881958211,GET,25,200
1696881958214,GET,31,200
1696881958214,GET,32,200
1696881958214,GET,32,200
1696881958222,GET,28,200
1696881958229,GET,24,200
1696881958236,GET,24,200
1696881958233,GET,27,200
1696881958235,GET,25,200
1696881958236,GET,25,200
1696881958245,GET,21,200
1696881958246,GET,28,200
1696881958246,GET,28,200
1696881958253,GET,23,200
1696881958260,GET,22,200
1696881958261,GET,22,200
1696881958250,GET,35,200
1696881958260,GET,26,200
1696881958260,GET,28,200
1696881958266,GET,25,200
1696881958229,GET,63,200
1696881958274,GET,25,200
1696881958276,GET,26,200
1696881958274,GET,28,200
1696881958285,GET,20,200
1696881958282,GET,25,200
1696881958286,GET,23,200
1696881958288,GET,21,200
1696881958283,GET,29,200
1696881958291,GET,23,200
1696881958292,GET,27,200
1696881958305,GET,105,200
1696881958309,GET,101,200
1696881958312,GET,98,200
1696881958302,GET,108,200
1696881958309,GET,101,200
1696881958302,GET,108,200
1696881958307,GET,103,200
1696881958314,GET,97,200
1696881958299,GET,112,200
1696881958410,GET,27,200
1696881958319,GET,121,200
1696881958410,GET,30,200
1696881958411,GET,29,200
1696881958410,GET,30,200
1696881958410,GET,31,200
1696881958410,GET,33,200
1696881958410,GET,33,200
1696881958411,GET,34,200
1696881958440,GET,105,200
1696881958440,GET,105,200
1696881958440,GET,105,200
1696881958443,GET,103,200
1696881958441,GET,105,200
1696881958443,GET,103,200
1696881958440,GET,106,200
1696881958445,GET,101,200
1696881958438,GET,107,200
1696881958411,GET,135,200
1696881958546,GET,18,200
1696881958546,GET,21,200
1696881958545,GET,22,200
1696881958546,GET,22,200
1696881958546,GET,27,200
1696881958546,GET,27,200
1696881958546,GET,27,200
1696881958546,GET,27,200
1696881958546,GET,29,200
1696881958546,GET,29,200
1696881958564,GET,24,200
1696881958567,GET,23,200
1696881958573,GET,21,200
1696881958573,GET,21,200
1696881958573,GET,24,200
1696881958573,GET,24,200
1696881958575,GET,23,200
1696881958575,GET,23,200
1696881958588,GET,15,200
1696881958590,GET,18,200
1696881958594,GET,23,200
1696881958597,GET,23,200
1696881958594,GET,26,200
1696881958567,GET,54,200
1696881958603,GET,18,200
1696881958568,GET,56,200
1696881958598,GET,31,200
1696881958608,GET,25,200
1696881958598,GET,39,200
1696881958617,GET,20,200
1696881958620,GET,23,200
1696881958621,GET,22,200
1696881958621,GET,23,200
1696881958620,GET,24,200
1696881958597,GET,54,200
1696881958629,GET,22,200
1696881958624,GET,27,200
1696881958633,GET,20,200
1696881958637,GET,21,200
1696881958637,GET,24,200
1696881958644,GET,22,200
1696881958643,GET,27,200
1696881958643,GET,27,200
1696881958653,GET,18,200
1696881958644,GET,31,200
1696881958658,GET,22,200
1696881958651,GET,29,200
1696881958651,GET,29,200
1696881958651,GET,29,200
1696881958661,GET,21,200
1696881958671,GET,21,200
1696881958670,GET,22,200
1696881958670,GET,22,200
1696881958666,GET,27,200
1696881958675,GET,21,200
1696881958680,GET,23,200
1696881958680,GET,26,200
1696881958682,GET,24,200
1696881958680,GET,26,200
1696881958680,GET,27,200
1696881958692,GET,25,200
1696881958693,GET,24,200
1696881958692,GET,25,200
1696881958692,GET,27,200
1696881958696,GET,26,200
1696881958703,GET,25,200
1696881958706,GET,24,200
1696881958707,GET,25,200
1696881958706,GET,26,200
1696881958706,GET,26,200
1696881958717,GET,21,200
1696881958717,GET,24,200
1696881958719,GET,22,200
1696881958717,GET,25,200
1696881958722,GET,25,200
1696881958728,GET,20,200
1696881958730,GET,27,200
1696881958732,GET,25,200
1696881958732,GET,25,200
1696881958732,GET,26,200
1696881958738,GET,22,200
1696881958742,GET,20,200
1696881958741,GET,24,200
1696881958748,GET,23,200
1696881958741,GET,30,200
1696881958747,GET,24,200
1696881958757,GET,21,200
1696881958760,GET,22,200
1696881958758,GET,26,200
1696881958757,GET,29,200
1696881958757,GET,29,200
1696881958762,GET,25,200
1696881958765,GET,23,200
1696881958771,GET,19,200
1696881958771,GET,20,200
1696881958771,GET,20,200
1696881958778,GET,28,200
1696881958787,GET,21,200
1696881958782,GET,26,200
1696881958786,GET,27,200
1696881958786,GET,27,200
1696881958784,GET,29,200
1696881958788,GET,27,200
1696881958790,GET,26,200
1696881958791,GET,37,200
1696881958791,GET,38,200
1696881958808,GET,28,200
1696881958808,GET,28,200
1696881958806,GET,30,200
1696881958816,GET,21,200
1696881958815,GET,23,200
1696881958813,GET,26,200
1696881958813,GET,27,200
1696881958813,GET,27,200
1696881958829,GET,24,200
1696881958829,GET,24,200
1696881958836,GET,23,200
1696881958836,GET,29,200
1696881958836,GET,29,200
1696881958837,GET,28,200
1696881958838,GET,30,200
1696881958840,GET,28,200
1696881958840,GET,28,200
1696881958839,GET,32,200
1696881958853,GET,22,200
1696881958853,GET,22,200
1696881958865,GET,18,200
1696881958865,GET,18,200
1696881958859,GET,24,200
1696881958865,GET,21,200
1696881958868,GET,19,200
1696881958875,GET,21,200
1696881958875,GET,21,200
1696881958868,GET,30,200
1696881958868,GET,30,200
1696881958871,GET,27,200
1696881958883,GET,18,200
1696881958886,GET,21,200
1696881958883,GET,25,200
1696881958883,GET,28,200
1696881958887,GET,25,200
1696881958896,GET,28,200
1696881958901,GET,25,200
1696881958907,GET,22,200
1696881958908,GET,21,200
1696881958896,GET,33,200
1696881958898,GET,31,200
1696881958898,GET,31,200
1696881958898,GET,31,200
1696881958911,GET,20,200
1696881958912,GET,33,200
1696881958926,GET,19,200
1696881958924,GET,23,200
1696881958929,GET,38,200
1696881958929,GET,38,200
1696881958929,GET,39,200
1696881958929,GET,42,200
1696881958945,GET,27,200
1696881958929,GET,43,200
1696881958945,GET,27,200
1696881958931,GET,45,200
1696881958947,GET,29,200
1696881958972,GET,96,200
1696881958968,GET,100,200
1696881958967,GET,101,200
1696881958971,GET,97,200
1696881958972,GET,96,200
1696881958972,GET,96,200
1696881958929,GET,140,200
1696881958967,GET,101,200
1696881958976,GET,117,200
1696881958976,GET,118,200
1696881959069,GET,26,200
1696881959068,GET,28,200
1696881959068,GET,28,200
1696881959068,GET,28,200
1696881959096,GET,26,200
1696881959068,GET,54,200
1696881959096,GET,26,200
1696881959096,GET,35,200
1696881959069,GET,65,200
1696881959093,GET,47,200
1696881959068,GET,73,200
1696881959094,GET,49,200
1696881959122,GET,29,200
1696881959122,GET,29,200
1696881959131,GET,20,200
1696881959095,GET,56,200
1696881959122,GET,30,200
1696881959068,GET,85,200
1696881959140,GET,24,200
1696881959143,GET,23,200
1696881959134,GET,36,200
1696881959151,GET,24,200
1696881959151,GET,27,200
1696881959152,GET,26,200
1696881959151,GET,27,200
1696881959141,GET,39,200
1696881959151,GET,31,200
1696881959153,GET,29,200
1696881959165,GET,21,200
1696881959175,GET,23,200
1696881959166,GET,35,200
1696881959178,GET,26,200
1696881959178,GET,28,200
1696881959170,GET,37,200
1696881959178,GET,29,200
1696881959186,GET,23,200
1696881959182,GET,29,200
1696881959180,GET,39,200
1696881959198,GET,21,200
1696881959204,GET,20,200
1696881959182,GET,43,200
1696881959201,GET,25,200
1696881959219,GET,16,200
1696881959207,GET,28,200
1696881959209,GET,26,200
1696881959207,GET,30,200
1696881959211,GET,29,200
1696881959219,GET,26,200
1696881959224,GET,24,200
1696881959225,GET,26,200
1696881959235,GET,24,200
1696881959235,GET,24,200
1696881959245,GET,14,200
1696881959237,GET,23,200
1696881959226,GET,37,200
1696881959206,GET,57,200
1696881959235,GET,30,200
1696881959240,GET,42,200
1696881959248,GET,34,200
1696881959251,GET,31,200
1696881959259,GET,23,200
1696881959259,GET,26,200
1696881959259,GET,26,200
1696881959260,GET,33,200
1696881959263,GET,30,200
1696881959263,GET,31,200
1696881959265,GET,35,200
1696881959282,GET,23,200
1696881959285,GET,20,200
1696881959285,GET,20,200
1696881959282,GET,24,200
1696881959282,GET,24,200
1696881959282,GET,26,200
1696881959293,GET,25,200
1696881959293,GET,25,200
1696881959294,GET,24,200
1696881959305,GET,23,200
1696881959305,GET,23,200
1696881959305,GET,23,200
1696881959308,GET,22,200
1696881959306,GET,26,200
1696881959300,GET,32,200
1696881959306,GET,26,200
1696881959318,GET,19,200
1696881959318,GET,20,200
1696881959328,GET,18,200
1696881959318,GET,28,200
1696881959328,GET,27,200
1696881959328,GET,27,200
1696881959330,GET,28,200
1696881959332,GET,29,200
1696881959332,GET,29,200
1696881959337,GET,24,200
1696881959332,GET,30,200
1696881959346,GET,23,200
1696881959338,GET,121,200
1696881959355,GET,104,200
1696881959358,GET,101,200
1696881959361,GET,98,200
1696881959361,GET,98,200
1696881959346,GET,113,200
1696881959355,GET,104,200
1696881959361,GET,98,200
1696881959362,GET,97,200
1696881959369,GET,106,200
1696881959459,GET,25,200
1696881959459,GET,27,200
1696881959459,GET,27,200
1696881959459,GET,27,200
1696881959459,GET,27,200
1696881959459,GET,28,200
1696881959459,GET,28,200
1696881959459,GET,30,200
1696881959459,GET,30,200
1696881959486,GET,136,200
1696881959489,GET,133,200
1696881959487,GET,135,200
1696881959484,GET,138,200
1696881959486,GET,136,200
1696881959489,GET,133,200
1696881959487,GET,135,200
1696881959486,GET,136,200
1696881959486,GET,136,200
1696881959475,GET,147,200
1696881959622,GET,24,200
1696881959622,GET,28,200
1696881959622,GET,28,200
1696881959622,GET,29,200
1696881959622,GET,29,200
1696881959622,GET,29,200
1696881959622,GET,29,200
1696881959622,GET,31,200
1696881959622,GET,32,200
1696881959646,GET,27,200
1696881959650,GET,23,200
1696881959651,GET,28,200
1696881959650,GET,29,200
1696881959651,GET,29,200
1696881959654,GET,30,200
1696881959653,GET,31,200
1696881959651,GET,33,200
1696881959622,GET,62,200
1696881959674,GET,18,200
1696881959674,GET,28,200
1696881959679,GET,26,200
1696881959679,GET,26,200
1696881959651,GET,59,200
1696881959684,GET,26,200
1696881959684,GET,30,200
1696881959684,GET,30,200
1696881959692,GET,23,200
1696881959684,GET,33,200
1696881959702,GET,22,200
1696881959710,GET,37,200
1696881959705,GET,42,200
1696881959705,GET,42,200
1696881959710,GET,37,200
1696881959715,GET,32,200
1696881959717,GET,30,200
1696881959714,GET,33,200
1696881959714,GET,33,200
1696881959680,GET,67,200
1696881959747,GET,19,200
1696881959724,GET,42,200
1696881959747,GET,28,200
1696881959747,GET,28,200
1696881959747,GET,29,200
1696881959747,GET,29,200
1696881959747,GET,29,200
1696881959747,GET,29,200
1696881959747,GET,30,200
1696881959766,GET,27,200
1696881959766,GET,28,200
1696881959776,GET,25,200
1696881959776,GET,26,200
1696881959776,GET,29,200
1696881959776,GET,29,200
1696881959777,GET,29,200
1696881959775,GET,31,200
1696881959775,GET,31,200
1696881959793,GET,19,200
1696881959747,GET,65,200
1696881959794,GET,24,200
1696881959801,GET,25,200
1696881959802,GET,24,200
1696881959812,GET,18,200
1696881959806,GET,26,200
1696881959806,GET,28,200
1696881959805,GET,30,200
1696881959805,GET,30,200
1696881959806,GET,32,200
1696881959818,GET,22,200
1696881959812,GET,33,200
1696881959826,GET,25,200
1696881959826,GET,25,200
1696881959830,GET,29,200
1696881959835,GET,29,200
1696881959838,GET,26,200
1696881959835,GET,29,200
1696881959832,GET,33,200
1696881959834,GET,31,200
1696881959845,GET,23,200
1696881959840,GET,33,200
1696881959859,GET,14,200
1696881959851,GET,23,200
1696881959851,GET,25,200
1696881959868,GET,22,200
1696881959873,GET,17,200
1696881959865,GET,25,200
1696881959865,GET,25,200
1696881959874,GET,20,200
1696881959873,GET,21,200
1696881959864,GET,33,200
1696881959876,GET,21,200
1696881959864,GET,33,200
1696881959864,GET,34,200
1696881959890,GET,26,200
1696881959890,GET,27,200
1696881959890,GET,29,200
1696881959894,GET,30,200
1696881959897,GET,28,200
1696881959890,GET,36,200
1696881959898,GET,28,200
1696881959897,GET,29,200
1696881959897,GET,31,200
1696881959894,GET,36,200
1696881959916,GET,24,200
1696881959917,GET,25,200
1696881959919,GET,25,200
1696881959924,GET,20,200
1696881959926,GET,21,200
1696881959928,GET,26,200
1696881959930,GET,24,200
1696881959926,GET,30,200
1696881959925,GET,31,200
1696881959926,GET,30,200
1696881959940,GET,21,200
1696881959942,GET,20,200
1696881959944,GET,34,200
1696881959947,GET,36,200
1696881959962,GET,21,200
1696881959944,GET,39,200
1696881959954,GET,32,200
1696881959954,GET,32,200
1696881959961,GET,25,200
1696881959956,GET,33,200
1696881959956,GET,33,200
1696881959956,GET,33,200
1696881959978,GET,18,200
1696881959983,GET,23,200
1696881959983,GET,25,200
1696881959983,GET,25,200
1696881959986,GET,24,200
1696881959986,GET,24,200
1696881959986,GET,24,200
1696881959989,GET,31,200
1696881959989,GET,35,200
1696881960010,GET,108,200
1696881960006,GET,112,200
1696881959996,GET,122,200
1696881960010,GET,108,200
1696881960008,GET,110,200
1696881960010,GET,108,200
1696881960008,GET,110,200
1696881960020,GET,98,200
1696881960024,GET,117,200
1696881960118,GET,26,200
1696881960118,GET,26,200
1696881960118,GET,27,200
1696881960118,GET,28,200
1696881960118,GET,29,200
1696881960118,GET,29,200
1696881960118,GET,31,200
1696881960118,GET,31,200
1696881959989,GET,164,200
1696881960144,GET,24,200
1696881960144,GET,25,200
1696881960147,GET,43,200
1696881960149,GET,41,200
1696881960147,GET,43,200
1696881960153,GET,37,200
1696881960141,GET,49,200
1696881960168,GET,22,200
1696881960149,GET,41,200
1696881960169,GET,22,200
1696881960145,GET,47,200
1696881960190,GET,23,200
1696881960146,GET,68,200
1696881960190,GET,25,200
1696881960190,GET,25,200
1696881960190,GET,25,200
1696881960192,GET,24,200
1696881960191,GET,33,200
1696881960190,GET,34,200
1696881960214,GET,19,200
1696881960213,GET,28,200
1696881960224,GET,17,200
1696881960215,GET,30,200
1696881960224,GET,21,200
1696881960216,GET,30,200
1696881960215,GET,31,200
1696881960215,GET,31,200
1696881960190,GET,63,200
1696881960241,GET,29,200
1696881960245,GET,25,200
1696881960246,GET,24,200
1696881960241,GET,29,200
1696881960233,GET,37,200
1696881960246,GET,24,200
1696881960246,GET,25,200
1696881960245,GET,26,200
1696881960190,GET,82,200
1696881960253,GET,28,200
1696881960270,GET,26,200
1696881960270,GET,26,200
1696881960270,GET,28,200
1696881960270,GET,28,200
1696881960270,GET,28,200
1696881960271,GET,28,200
1696881960270,GET,29,200
1696881960271,GET,28,200
1696881960272,GET,29,200
1696881960281,GET,32,200
1696881960298,GET,24,200
1696881960296,GET,29,200
1696881960301,GET,24,200
1696881960298,GET,29,200
1696881960296,GET,31,200
1696881960298,GET,29,200
1696881960299,GET,30,200
1696881960299,GET,31,200
1696881960313,GET,20,200
1696881960299,GET,36,200
1696881960325,GET,24,200
1696881960322,GET,27,200
1696881960325,GET,24,200
1696881960327,GET,29,200
1696881960333,GET,23,200
1696881960327,GET,29,200
1696881960327,GET,31,200
1696881960329,GET,32,200
1696881960330,GET,34,200
1696881960335,GET,30,200
1696881960349,GET,29,200
1696881960349,GET,29,200
1696881960356,GET,25,200
1696881960356,GET,25,200
1696881960356,GET,25,200
1696881960358,GET,23,200
1696881960349,GET,32,200
1696881960361,GET,24,200
1696881960364,GET,22,200
1696881960378,GET,15,200
1696881960365,GET,34,200
1696881960381,GET,25,200
1696881960381,GET,31,200
1696881960381,GET,31,200
1696881960378,GET,35,200
1696881960381,GET,32,200
1696881960381,GET,32,200
1696881960385,GET,28,200
1696881960386,GET,27,200
1696881960412,GET,96,200
1696881960399,GET,109,200
1696881960413,GET,95,200
1696881960406,GET,102,200
1696881960393,GET,115,200
1696881960413,GET,96,200
1696881960412,GET,97,200
1696881960413,GET,96,200
1696881960413,GET,96,200
1696881960413,GET,96,200
1696881960508,GET,35,200
1696881960509,GET,34,200
1696881960509,GET,35,200
1696881960508,GET,37,200
1696881960508,GET,41,200
1696881960508,GET,138,200
1696881960508,GET,138,200
1696881960509,GET,137,200
1696881960544,GET,102,200
1696881960543,GET,103,200
1696881960509,GET,137,200
1696881960543,GET,104,200
1696881960509,GET,138,200
1696881960549,GET,116,200
1696881960647,GET,25,200
1696881960646,GET,26,200
1696881960646,GET,29,200
1696881960646,GET,29,200
1696881960646,GET,29,200
1696881960545,GET,131,200
1696881960647,GET,29,200
1696881960646,GET,32,200
1696881960672,GET,27,200
1696881960672,GET,27,200
1696881960676,GET,27,200
1696881960675,GET,29,200
1696881960678,GET,27,200
1696881960676,GET,29,200
1696881960675,GET,30,200
1696881960665,GET,46,200
1696881960647,GET,64,200
1696881960699,GET,19,200
1696881960699,GET,19,200
1696881960703,GET,22,200
1696881960704,GET,26,200
1696881960705,GET,29,200
1696881960711,GET,23,200
1696881960705,GET,30,200
1696881960675,GET,60,200
1696881960705,GET,31,200
1696881960718,GET,27,200
1696881960711,GET,34,200
1696881960718,GET,29,200
1696881960725,GET,24,200
1696881960734,GET,25,200
1696881960730,GET,29,200
1696881960734,GET,25,200
1696881960735,GET,24,200
1696881960735,GET,24,200
1696881960736,GET,25,200
1696881960745,GET,24,200
1696881960747,GET,22,200
1696881960749,GET,25,200
1696881960745,GET,31,200
1696881960759,GET,19,200
1696881960759,GET,21,200
1696881960759,GET,26,200
1696881960759,GET,33,200
1696881960759,GET,33,200
1696881960761,GET,33,200
1696881960769,GET,32,200
1696881960769,GET,33,200
1696881960776,GET,26,200
1696881960774,GET,30,200
1696881960778,GET,26,200
1696881960780,GET,30,200
1696881960785,GET,29,200
1696881960792,GET,26,200
1696881960794,GET,24,200
1696881960792,GET,26,200
1696881960801,GET,19,200
1696881960802,GET,23,200
1696881960804,GET,24,200
1696881960804,GET,24,200
1696881960802,GET,27,200
1696881960810,GET,22,200
1696881960814,GET,22,200
1696881960828,GET,35,200
1696881960818,GET,45,200
1696881960818,GET,45,200
1696881960832,GET,31,200
1696881960818,GET,45,200
1696881960830,GET,33,200
1696881960828,GET,35,200
1696881960820,GET,43,200
1696881960825,GET,38,200
1696881960836,GET,27,200
1696881960863,GET,23,200
1696881960863,GET,23,200
1696881960863,GET,23,200
1696881960863,GET,23,200
1696881960863,GET,23,200
1696881960863,GET,23,200
1696881960863,GET,23,200
1696881960863,GET,26,200
1696881960863,GET,26,200
1696881960863,GET,26,200
1696881960886,GET,28,200
1696881960886,GET,29,200
1696881960886,GET,31,200
1696881960886,GET,31,200
1696881960886,GET,32,200
1696881960889,GET,30,200
1696881960886,GET,35,200
1696881960886,GET,35,200
1696881960889,GET,35,200
1696881960889,GET,35,200
1696881960914,GET,19,200
1696881960915,GET,18,200
1696881960917,GET,20,200
1696881960917,GET,21,200
1696881960918,GET,21,200
1696881960921,GET,27,200
1696881960919,GET,29,200
1696881960921,GET,27,200
1696881960924,GET,28,200
1696881960924,GET,28,200
1696881960933,GET,29,200
1696881960933,GET,29,200
1696881960937,GET,25,200
1696881960938,GET,24,200
1696881960939,GET,27,200
1696881960948,GET,27,200
1696881960948,GET,27,200
1696881960948,GET,28,200
1696881960962,GET,27,200
1696881960962,GET,27,200
1696881960962,GET,27,200
1696881960962,GET,27,200
1696881960952,GET,37,200
1696881960966,GET,23,200
1696881960975,GET,32,200
1696881960975,GET,32,200
1696881960976,GET,39,200
1696881960989,GET,26,200
1696881960989,GET,31,200
1696881960989,GET,31,200
1696881960989,GET,39,200
1696881960989,GET,39,200
1696881960952,GET,77,200
1696881960989,GET,40,200
1696881961007,GET,31,200
1696881961007,GET,33,200
1696881961015,GET,27,200
1696881961020,GET,24,200
1696881961015,GET,29,200
1696881961021,GET,23,200
1696881961028,GET,20,200
1696881961028,GET,20,200
1696881961029,GET,21,200
1696881961029,GET,30,200
1696881961038,GET,24,200
1696881961044,GET,22,200
1696881961042,GET,26,200
1696881961044,GET,24,200
1696881961040,GET,28,200
1696881961048,GET,23,200
1696881961044,GET,28,200
1696881961050,GET,23,200
1696881961066,GET,99,200
1696881961071,GET,111,200
1696881961072,GET,110,200
1696881961073,GET,109,200
1696881961068,GET,133,200
1696881961182,GET,42,200
1696881961201,GET,28,200
1696881961182,GET,61,200
1696881961224,GET,23,200
1696881961182,GET,66,200
1696881961229,GET,28,200
1696881961244,GET,16,200
1696881961247,GET,26,200
1696881961248,GET,25,200
1696881961257,GET,22,200
1696881961260,GET,29,200
1696881961273,GET,19,200
1696881961279,GET,36,200
1696881961273,GET,42,200
1696881961289,GET,26,200
1696881961292,GET,42,200
1696881961315,GET,24,200
1696881961315,GET,26,200
1696881961334,GET,21,200
1696881961339,GET,28,200
1696881961341,GET,27,200
1696881961355,GET,22,200
1696881961368,GET,23,200
1696881961367,GET,24,200
1696881961377,GET,16,200
1696881961391,GET,28,200
1696881961419,GET,24,200
